CB代號,股票,名稱,產業,轉換價,股票現價,CB理論價,CB現價,CB/理論%,股/轉換%
11011,1101,台泥一永,水泥,35.2,24.5,69.60,99,142.24,69.60
12561,1256,鮮活果汁一KY,食品,189.1,161.5,85.40,98.3,115.10,85.40
13166,1316,上曜六,化學,17.4,11,63.22,106,167.67,63.22
13382,1338,廣華二KY,化學,37.6,16.35,43.48,100.8,231.81,43.48
140201,1402,遠東新E1永,紡織,43.1,25.75,59.74,100.55,168.30,59.74
140202,1402,遠東新E2永,紡織,31.7,25.75,81.23,98.4,121.14,81.23
14363,1436,華友聯三,紡織,128.7,49.95,38.81,100.1,257.92,38.81
14364,1436,華友聯四,紡織,99,49.95,50.45,94.4,187.10,50.45
14381,1438,三地開發一,紡織,55.88,22.15,39.64,119.7,301.98,39.64
14664,1466,聚隆四,紡織,18.8,16.3,86.70,104.95,121.05,86.70
14722,1472,三洋實業二,紡織,98.6,89.3,90.57,106.5,117.59,90.57
14723,1472,三洋實業三,紡織,101.5,89.3,87.98,98,111.39,87.98
14743,1474,弘裕三,紡織,14,10,71.43,91.7,128.38,71.43
15142,1514,亞力二,電機,109.2,110,100.73,128.9,127.96,100.73
15261,1526,日馳一,汽車,37.29,16.25,43.58,97,222.59,43.58
15364,1536,和大四,汽車,71.47,51.5,72.06,97.75,135.65,72.06
15601,1560,中砂一,機械,284.6,540,189.74,181,95.39,189.74
15864,1586,和勤四,塑膠,30.74,21.7,70.59,102.4,145.06,70.59
15865,1586,和勤五,塑膠,30.14,21.7,72.00,98.7,137.09,72.00
15894,1589,永冠四KY,其他,60.7,,,,,
15952,1595,川寶二,其他,37.7,72.8,193.10,175,90.63,193.10
15984,1598,岱宇四,運動休閒,32.7,20.8,63.61,95.05,149.43,63.61
16095,1609,大亞五,電線電纜,51.3,32.2,62.77,103.9,165.53,62.77
17813,1781,合世三,,18,10.8,60.00,101.35,168.92,60.00
17863,1786,科妍三,生技醫療,116.5,57.5,49.36,100.1,202.81,49.36
19094,1909,榮成四,造紙,23.9,9.05,37.87,96.6,255.11,37.87
20344,2034,允強四,鋼鐵,24,21.3,88.75,106.8,120.34,88.75
20662,2066,世德二,鋼鐵,88.1,46.5,52.78,99,187.57,52.78
21043,2104,國際中橡三,橡膠,21.2,10.7,50.47,99,196.15,50.47
22013,2201,裕隆三,汽車,75,27,36.00,100.4,278.89,36.00
22283,2228,劍麟三,汽車零件,85.36,87.2,102.16,115.5,113.06,102.16
22331,2233,宇隆一,汽車零件,250,300,120.00,140.15,116.79,120.00
22362,2236,百達二KY,汽車零件,61,132,216.39,,,216.39
22363,2236,百達三KY,汽車零件,118.1,132,111.77,109.5,97.97,111.77
22471,2247,汎德永業一,汽車,282.8,212.5,75.14,101.7,135.34,75.14
22472,2247,汎德永業二,汽車,273.8,212.5,77.61,100.8,129.88,77.61
23291,2329,華泰一,半導體,51.3,54.9,107.02,124.1,115.96,107.02
23372,2337,旺宏二,半導體,23,154,669.57,715,106.79,669.57
23383,2338,光罩三,半導體,73.5,47,63.95,99,154.82,63.95
23511,2351,順德一,電子零組件,72.4,154,212.71,211,99.20,212.71
23683,2368,金像電三,半導體,450,1390,308.89,308,99.71,308.89
23742,2374,佳能二,電腦周邊,86.3,78.4,90.85,127.05,139.85,90.85
24023,2402,毅嘉三,電子零組件,55,70.2,127.64,140,109.69,127.64
24271,2427,三商電一,電子通路,26.3,21.1,80.23,97.7,121.78,80.23
24361,2436,偉詮電一,半導體,53.3,72.7,136.40,131.3,96.26,136.40
24394,2439,美律四,電子零組件,128.9,86,66.72,105.75,158.50,66.72
24395,2439,美律五,電子零組件,125.2,86,68.69,108.2,157.52,68.69
24423,2442,新美齊三,電子零組件,25.1,18.25,72.71,96.8,133.13,72.71
24424,2442,新美齊四,電子零組件,25.3,18.25,72.13,96.8,134.19,72.13
24552,2455,全新二,半導體,162.9,347.5,213.32,234,109.69,213.32
24553,2455,全新三,半導體,153.5,347.5,226.38,237,104.69,226.38
24624,2462,良得電四,電子零組件,30.09,21.1,70.12,99,141.18,70.12
24642,2464,盟立二,電子零組件,78.5,113.5,144.59,146,100.98,144.59
24672,2467,志聖二,半導體設備,250.6,609,243.02,220,90.53,243.02
24673,2467,志聖三,半導體設備,246.6,609,246.96,222,89.89,246.96
24762,2476,鉅祥二,電子零組件,66.5,117,175.94,179,101.74,175.94
24866,2486,一詮六,電子零組件,125.2,270.5,216.05,215,99.51,216.05
25283,2528,皇普三,建設,42.4,22.5,53.07,105,197.87,53.07
25284,2528,皇普四,建設,41,22.5,54.88,91.25,166.28,54.88
25303,2530,華建三,建設,32.2,20.85,64.75,93.1,143.78,64.75
25304,2530,華建四,建設,30.2,20.85,69.04,94.3,136.59,69.04
25483,2548,華固三,建設,125,126,100.80,107.5,106.65,100.80
25484,2548,華固四,建設,123.5,126,102.02,111.5,109.29,102.02
26107,2610,華航七,航運,16.9,17.9,105.92,,,105.92
26417,2641,正德七,航運,22.15,17.15,77.43,99,127.86,77.43
26418,2641,正德八,航運,19.3,17.15,88.86,102.5,115.35,88.86
27271,2727,王品一,餐飲,233.4,226.5,97.04,108.8,112.11,97.04
27323,2732,六角三,餐飲,124.8,65.4,52.40,100.65,192.07,52.40
27324,2732,六角四,餐飲,74.3,65.4,88.02,103.8,117.93,88.02
27431,2743,山富一,觀光,101.9,71.2,69.87,102,145.98,69.87
27451,2745,五福一,觀光,111.3,102.5,92.09,110.8,120.31,92.09
27531,2753,八方雲集一,餐飲,207.6,177.5,85.50,107.05,125.20,85.50
27532,2753,八方雲集二,餐飲,205.6,177.5,86.33,108,125.10,86.33
27551,2755,揚秦一,餐飲,86.7,135,155.71,156,100.19,155.71
27561,2756,聯發國際一,餐飲,90.1,66.7,74.03,100.65,135.96,74.03
29061,2906,高林一,百貨,16.8,12.4,73.81,98.65,133.65,73.81
30061,3006,晶豪科一,半導體,83.6,169.5,202.75,,,202.75
30112,3011,今皓二,其他電子,12.5,14.05,112.40,121,107.65,112.40
30134,3013,晟銘電四,其他電子,143.8,104.5,72.67,124.5,171.32,72.67
30165,3016,嘉晶五,半導體,71.4,89.7,125.63,127.95,101.85,125.63
30321,3032,偉訓一,電子通路,105.9,64,60.43,90,148.92,60.43
30322,3032,偉訓二,電子通路,101.9,64,62.81,91.3,145.37,62.81
30336,3033,威健六,電子通路,24.84,35.75,143.92,146,101.44,143.92
30337,3033,威健七,電子通路,34.44,35.75,103.80,107,103.08,103.80
30371,3037,欣興一,PCB,164.1,883,538.09,542,100.73,538.09
30401,3040,遠見一,其他電子,47.2,42.85,90.78,105.3,115.99,90.78
30454,3045,台灣大四,電信,118.2,111.5,94.33,100.4,106.43,94.33
30455,3045,台灣大五,電信,111.3,111.5,100.18,103.6,103.41,100.18
30882,3088,艾訊二,其他電子,88.5,108,122.03,116,95.06,122.03
30922,3092,鴻碩二,電子零組件,36,32,88.89,100.05,112.56,88.89
30954,3095,及成四,其他電子,39.5,41.2,104.30,120.55,115.58,104.30
31222,3122,笙泉二,半導體,42.3,32.7,77.30,100.1,129.49,77.30
31282,3128,昇銳二,其他電子,37.8,23.8,62.96,99.2,157.55,62.96
31311,3131,弘塑一,半導體設備,1736.5,2950,169.88,166,97.71,169.88
31312,3131,弘塑二,半導體設備,1626.6,2950,181.36,174,95.94,181.36
31351,3135,凌航一,半導體,50.85,141.5,278.27,299,107.45,278.27
31382,3138,耀登二,電子零組件,114.7,152,132.52,,,132.52
31413,3141,晶宏三,半導體,93.6,47.85,51.12,99.5,194.63,51.12
31672,3167,大量二,半導體設備,169.1,861,509.17,459,90.15,509.17
31882,3188,鑫龍騰二,其他電子,31.4,25.75,82.01,97,118.28,82.01
32071,3207,耀勝一,其他電子,100.99,62.3,61.69,100,162.10,61.69
32571,3257,虹冠電一,其他電子,72.2,53.3,73.82,106,143.59,73.82
32608,3260,威剛八,電腦周邊,228.9,436,190.48,197,103.43,190.48
32723,3272,東碩三,其他電子,34.2,17.9,52.34,79,150.94,52.34
32843,3284,太普高三,其他電子,23.91,15.7,65.66,93,141.63,65.66
33035,3303,岱稜五,光電,58.6,49,83.62,100,119.59,83.62
33055,3305,昇貿五,電子通路,73.3,108.5,148.02,140,94.58,148.02
33121,3312,弘憶股一,其他電子,73.2,40.8,55.74,96.35,172.86,55.74
33133,3313,斐成三,其他電子,15.7,12.05,76.75,107,139.41,76.75
33225,3322,建舜電五,其他電子,22.97,13.5,58.77,98.2,167.09,58.77
33233,3323,加百裕三,電子零組件,32.6,33.65,103.22,100.2,97.07,103.22
33245,3324,雙鴻五,散熱,734.4,1140,155.23,162,104.36,155.23
33246,3324,雙鴻六,散熱,1124,1140,101.42,142.25,140.25,101.42
33247,3324,雙鴻七,散熱,1105,1140,103.17,138.5,134.25,103.17
33466,3346,麗清六,光電,36.5,17.15,46.99,97.45,207.40,46.99
33571,3357,臺慶科一,其他電子,107.4,165,153.63,157,102.19,153.63
33621,3362,先進光一,光電,251,108,43.03,102,237.06,43.03
33763,3376,新日興三,電子零組件,195.2,204,104.51,138.7,132.72,104.51
33881,3388,崇越電一,電子通路,62.8,114.5,182.32,177,97.08,182.32
33902,3390,旭軟二,其他電子,24.2,25.35,104.75,130,124.10,104.75
34163,3416,融程電三,其他電子,127.1,157.5,123.92,128.9,104.02,123.92
34793,3479,安勤三,其他電子,109.3,90.7,82.98,106,127.74,82.98
34834,3483,力致四,其他電子,136.1,92.8,68.19,108.2,158.69,68.19
34843,3484,崧騰三,其他電子,42.2,44.7,105.92,115.25,108.80,105.92
35161,3516,亞帝歐一,其他電子,25.81,20.4,79.04,111.45,141.01,79.04
35181,3518,柏騰一,其他電子,34.9,32.8,93.98,117,124.49,93.98
35221,3522,御嵿一,其他電子,18.2,12.6,69.23,103.9,150.08,69.23
35265,3526,凡甲五,電子零組件,161.2,330,204.71,196,95.74,204.71
35266,3526,凡甲六,電子零組件,200.3,330,164.75,171,103.79,164.75
35267,3526,凡甲七,電子零組件,269.6,330,122.40,139.3,113.80,122.40
35431,3543,州巧一,其他電子,45,41.2,91.56,119.05,130.03,91.56
35482,3548,兆利二,其他電子,186,101,54.30,106.5,196.13,54.30
35483,3548,兆利三,其他電子,162.8,101,62.04,107,172.47,62.04
35513,3551,世禾三,半導體設備,173,195,112.72,134.8,119.59,112.72
35642,3564,其陽二,其他電子,83.9,40.3,48.03,95.6,199.03,48.03
35831,3583,辛耘一,半導體設備,349.3,792,226.74,217,95.70,226.74
35832,3583,辛耘二,半導體設備,337.4,792,234.74,234,99.69,234.74
35871,3587,閎康一,半導體設備,192,331.5,172.66,126.25,73.12,172.66
35872,3587,閎康二,半導體設備,198,331.5,167.42,168,100.34,167.42
35914,3591,艾笛森四,光電,24.5,23.35,95.31,109,114.37,95.31
36053,3605,宏致三,電子零組件,50.5,87.1,172.48,162,93.93,172.48
36173,3617,碩天三,電源供應,287.3,186.5,64.91,107.4,165.45,64.91
36804,3680,家登四,半導體設備,354,537,151.69,158,104.16,151.69
36841,3684,榮昌一,生技,50.7,58.1,114.60,121,105.59,114.60
36872,3687,歐買尬二,電競,75.9,65.2,85.90,95.75,111.46,85.90
36873,3687,歐買尬三,電競,80.1,65.2,81.40,97.15,119.35,81.40
36894,3689,湧德四,其他電子,61.7,134,217.18,217,99.92,217.18
36913,3691,碩禾三,太陽能,118,118,100.00,112.1,112.10,100.00
37012,3701,大眾控二,電子通路,63.96,65.8,102.88,108.3,105.27,102.88
370201,3702,大聯大E1,電子通路,160.8,101,62.81,130.1,207.13,62.81
37022,3702,大聯大二,電子通路,76.9,101,131.34,131.5,100.12,131.34
37023,3702,大聯大三,電子通路,74.6,101,135.39,135.4,100.01,135.39
37075,3707,漢磊五,半導體,40.1,66.2,165.09,154,93.28,165.09
37083,3708,上緯投控三,再生能源,86.4,116.5,134.84,135.6,100.57,134.84
37084,3708,上緯投控四,再生能源,83,116.5,140.36,148,105.44,140.36
37151,3715,定穎投控一,其他電子,140,174,124.29,148,119.08,124.29
37152,3715,定穎投控二,其他電子,159,174,109.43,137,125.19,109.43
37171,3717,聯嘉投控一,電子通路,17.5,19.5,111.43,117.9,105.81,111.43
41135,4113,聯上五,生技醫療,26.3,14.55,55.32,104.3,188.53,55.32
41136,4113,聯上六,生技醫療,20.45,14.55,71.15,89.05,125.16,71.15
41236,4123,晟德六,生技醫療,38.6,39,101.04,113,111.84,101.04
41237,4123,晟德七,生技醫療,39.3,39,99.24,102.95,103.74,99.24
41295,4129,聯合五,生技醫療,105.6,98.4,93.18,117.4,125.99,93.18
41372,4137,麗豐二KY,生技醫療,141.3,106.5,75.37,98.25,130.35,75.37
41645,4164,承業醫五,生技醫療,47,29.05,61.81,104.5,169.07,61.81
41684,4168,醣聯四,生技醫療,23.91,24,100.38,113.25,112.83,100.38
41903,4190,佐登三KY,生技醫療,54.2,25.15,46.40,98.55,212.38,46.40
44163,4416,三圓三,建設,65.7,12.85,19.56,101.4,518.44,19.56
44383,4438,廣越三,其他,75,55.7,74.27,100.55,135.39,74.27
44391,4439,冠星一KY,其他,100.8,98.1,97.32,102,104.81,97.32
44421,4442,竣邦一KY,其他,48.5,55.3,114.02,123,107.88,114.02
45102,4510,高鋒二,機械,48.41,47,97.09,104,107.12,97.09
45421,4542,科嶠一,機械,85.9,199,231.66,220,94.96,231.66
45491,4549,桓達一,其他電子,154.4,99.5,64.44,99.5,154.40,64.44
45554,4555,氣立四,機械,43.4,40.35,92.97,112.2,120.68,92.97
45581,4558,寶緯一,其他電子,29.8,19.25,64.60,100.1,154.96,64.60
45641,4564,元翎一,其他電子,26.4,18.2,68.94,98.85,143.39,68.94
45663,4566,時碩工業三,機械,49.6,67.2,135.48,129.8,95.80,135.48
45691,4569,六方科一KY,其他,203.9,184,90.24,121.5,134.64,90.24
45721,4572,駐龍一,其他電子,160.6,144.5,89.98,104.45,116.09,89.98
45811,4581,光隆精密一KY,其他,53.4,49.7,93.07,97.5,104.76,93.07
47223,4722,國精化三,化學,141.3,185,130.93,144.5,110.37,130.93
47393,4739,康普三,電子零組件,97.8,84.8,86.71,113.4,130.78,86.71
47394,4739,康普四,電子零組件,70.5,84.8,120.28,144.25,119.92,120.28
47471,4747,強生一,生技,59.58,55,92.31,103.4,112.01,92.31
47721,4772,台特化一,化學,323.8,308,95.12,139.25,146.39,95.12
49066,4906,正文六,通訊網路,26.6,34.3,128.95,128.5,99.65,128.95
49165,4916,事欣科五,通訊網路,42.88,61.6,143.66,158,109.98,143.66
49231,4923,力士一,其他電子,34.66,33.1,95.50,96.4,100.94,95.50
49674,4967,十銓四,電腦周邊,147,281,191.16,189,98.87,191.16
49793,4979,華星光三,光電,176.5,609,345.04,325,94.19,345.04
49794,4979,華星光四,光電,204.3,609,298.09,270,90.58,298.09
50097,5009,榮剛七,鋼鐵,50.3,32.2,64.02,100.3,156.68,64.02
52011,5201,凱衛一,通訊網路,38.5,30.5,79.22,108.5,136.96,79.22
52091,5209,新鼎一,工程顧問,151.1,163,107.88,113,104.75,107.88
52121,5212,凌網一,其他電子,62.64,47.4,75.67,100.2,132.42,75.67
52303,5230,雷笛克光學三,光電,22,17.25,78.41,106.2,135.44,78.41
52441,5244,弘凱一,其他電子,44.5,42.45,95.39,107.85,113.06,95.39
52452,5245,智晶二,半導體,35,24.3,69.43,91.25,131.43,69.43
52635,5263,智崴五,觀光,110.4,93.1,84.33,108,128.07,84.33
53064,5306,桂盟四,機械,120,80.8,67.33,99.2,147.33,67.33
53095,5309,系統電五,電子通路,38.2,60,157.07,165,105.05,157.07
53096,5309,系統電六,電子通路,63.5,60,94.49,114.5,121.18,94.49
53097,5309,系統電七,電子通路,55,60,109.09,119.5,109.54,109.09
53211,5321,美而快一,其他,85.3,22.9,26.85,100.25,373.42,26.85
53887,5388,中磊七,通訊網路,134.6,76.5,56.84,104.3,183.51,56.84
54342,5434,崇越二,電子通路,184.1,406,220.53,216,97.94,220.53
54391,5439,高技一,生技,300,382.5,127.50,147,115.29,127.50
54501,5450,南良一,紡織,17.4,13.1,75.29,101.75,135.15,75.29
54573,5457,宣德三,電子零組件,65.8,36.35,55.24,95,171.97,55.24
55344,5534,長虹四,建設,80,77.8,97.25,122.5,125.96,97.25
56086,5608,四維航六,航運,22.1,15.2,68.78,99.7,144.96,68.78
56087,5608,四維航七,航運,19.3,15.2,78.76,108.2,137.39,78.76
59055,5905,南仁湖四,觀光,12.62,7.95,63.00,99.95,158.66,63.00
60151,6015,宏遠證一,證券,14.54,14.2,97.66,101,103.42,97.66
60152,6015,宏遠證二,證券,10.22,14.2,138.94,142.1,102.27,138.94
61011,6101,寬魚國際一,餐飲,36.9,40.45,109.62,118,107.64,109.62
61012,6101,寬魚國際二,餐飲,38.9,40.45,103.98,95.1,91.46,103.98
61041,6104,創惟一,半導體,124.8,98.7,79.09,113.45,143.45,79.09
61112,6111,光聚晶電二,光電,67,45.05,67.24,97.45,144.93,67.24
61171,6117,迎廣一,電源供應,82,88.1,107.44,113,105.18,107.44
61172,6117,迎廣二,電源供應,77.4,88.1,113.82,118.5,104.11,113.82
61255,6125,廣運五,機械,112,55.8,49.82,99.8,200.32,49.82
61263,6126,信音三,電子零組件,26.8,31.1,116.04,120,103.41,116.04
61506,6150,撼訊六,顯示卡,90.2,55.1,61.09,97.15,159.04,61.09
61565,6156,松上五,其他電子,29,20.05,69.14,100,144.64,69.14
61635,6163,華電網五,通訊網路,25.02,55.8,223.02,262,117.48,223.02
61777,6177,達麗七,建設,46.1,45.5,98.70,115,116.52,98.70
61793,6179,亞通三,其他電子,33.3,23.9,71.77,99.65,138.84,71.77
61794,6179,亞通四,其他電子,28.2,23.9,84.75,101.15,119.35,84.75
61827,6182,合晶七,半導體,61.2,40.1,65.52,100.5,153.38,65.52
61828,6182,合晶八,半導體,33.5,40.1,119.70,123.95,103.55,119.70
61843,6184,大豐電三,有線電視,49.4,46.8,94.74,98.3,103.76,94.74
61875,6187,萬潤五,自動化,276.8,1210,437.14,405,92.65,437.14
61894,6189,豐藝四,電子通路,43.14,47.95,111.15,121.7,109.49,111.15
61907,6190,萬泰科七,通訊網路,41.7,69.8,167.39,169,100.96,167.39
61973,6197,佳必琪三,電子零組件,152,208,136.84,147,107.42,136.84
61993,6199,天品三,生技,104.6,89,85.09,114.05,134.04,85.09
61994,6199,天品四,生技,114.8,89,77.53,92.8,119.70,77.53
62075,6207,雷科五,其他電子,50.7,64.5,127.22,122,95.90,127.22
62076,6207,雷科六,其他電子,49.2,64.5,131.10,122,93.06,131.10
62093,6209,今國光三,光電,38.6,62.3,161.40,167,103.47,161.40
62194,6219,富旺四,建設,21.17,13.05,61.64,104,168.71,61.64
62433,6243,迅杰三,半導體,63.3,33.55,53.00,93.65,176.69,53.00
62695,6269,台郡五,PCB,93,65.8,70.75,105.5,149.11,70.75
62696,6269,台郡六,PCB,101,65.8,65.15,99,151.96,65.15
62745,6274,台燿五,PCB,386,1010,261.66,260,99.37,261.66
62756,6275,元山六,其他電子,24,52.3,217.92,234,107.38,217.92
62822,6282,康舒二,電源供應,46.1,47.35,102.71,114.8,111.77,102.71
62843,6284,佳邦三,電子零組件,86.6,75.4,87.07,117,134.38,87.07
629010,6290,良維十,電子零組件,75.9,285.5,376.15,377,100.23,376.15
64145,6414,樺漢五,工業電腦,273.6,322,117.69,116.85,99.29,117.69
64251,6425,易發一,其他,58.7,83.3,141.91,147,103.59,141.91
64324,6432,今展科四,光電,30.88,38.85,125.81,123.5,98.16,125.81
64422,6442,光聖二,光電,1103.5,2110,191.21,187,97.80,191.21
64423,6442,光聖三,光電,1065.9,2110,197.95,195,98.51,197.95
64512,6451,訊芯二KY,半導體,240.6,431,179.14,163,90.99,179.14
64693,6469,大樹三,藥局,132.53,77.1,58.18,100.7,173.10,58.18
64724,6472,保瑞四,生技醫療,500,408,81.60,104.45,128.00,81.60
64773,6477,安集三,其他電子,41.9,33.4,79.71,100.35,125.89,79.71
64774,6477,安集四,其他電子,50.4,33.4,66.27,96.1,145.01,66.27
64775,6477,安集五,其他電子,44.3,33.4,75.40,93.05,123.42,75.40
65096,6509,聚和六,化學,37.6,39.9,106.12,118,111.20,106.12
65101,6510,精測一,半導體設備,2016.8,3440,170.57,175,102.60,170.57
65152,6515,穎崴二,半導體設備,3540.4,10385,293.33,283,96.48,293.33
65331,6533,晶心科一,半導體,308,228.5,74.19,98.5,132.77,74.19
65381,6538,倉和一,機械,104.4,75.4,72.22,92.5,128.08,72.22
65461,6546,正基一,其他電子,149,62.7,42.08,99.2,235.74,42.08
65472,6547,高端疫苗二,生技,37,49.35,133.38,128.85,96.60,133.38
65521,6552,易華電一,其他電子,58.8,32.2,54.76,101.85,185.99,54.76
65761,6576,逸達一,生技,84.3,80,94.90,117.3,123.60,94.90
65841,6584,南俊國際一,其他,177.5,678,381.97,393,102.89,381.97
65842,6584,南俊國際二,其他,191.6,678,353.86,371,104.84,353.86
65851,6585,鼎基一,化學,110.9,84.3,76.01,106,139.45,76.01
65852,6585,鼎基二,化學,110.7,84.3,76.15,100.5,131.97,76.15
65914,6591,動力四KY,其他電子,78.61,57,72.51,95,131.02,72.51
66163,6616,特昇三KY,其他,14.5,9.89,68.21,98.3,144.12,68.21
66241,6624,萬年清一,其他,40.6,49.9,122.91,140,113.91,122.91
66292,6629,泰金二KY,其他,119.8,117.5,98.08,101.85,103.84,98.08
66411,6641,基士德一KY,其他,56.5,18.15,32.12,100,311.29,32.12
66451,6645,金萬林一創,生技,27.87,13.05,46.82,102.95,219.86,46.82
66642,6664,群翊二,其他電子,292.1,464.5,159.02,162,101.87,159.02
66702,6670,復盛應用二,機械,270,251,92.96,114.55,123.22,92.96
66721,6672,騰輝電子一KY,電子零組件,96,219,228.13,223,97.75,228.13
66722,6672,騰輝電子二KY,電子零組件,93,219,235.48,240,101.92,235.48
66801,6680,鑫創電子一,其他電子,73.5,52.9,71.97,101.95,141.65,71.97
67062,6706,惠特二,其他電子,176,151.5,86.08,111.4,129.42,86.08
67152,6715,嘉基二,電子零組件,157.1,400.5,254.93,235,92.18,254.93
67531,6753,龍德造船一,造船,116.6,136,116.64,124.2,106.48,116.64
67681,6768,志強一KY,其他,95.2,78.1,82.04,106.95,130.37,82.04
67711,6771,平和環保一創,環保,51.66,44.4,85.95,104.6,121.70,85.95
67961,6796,晉弘一,生技醫療,106.3,69.5,65.38,98.6,150.81,65.38
67962,6796,晉弘二,生技醫療,100,69.5,69.50,91,130.94,69.50
68041,6804,明係一,其他電子,61.9,15.4,24.88,99.4,399.54,24.88
68061,6806,森崴能源一,再生能源,105,22.65,21.57,97.95,454.07,21.57
68211,6821,聯寶一,其他電子,43.06,52.8,122.62,125.4,102.27,122.62
68231,6823,濾能一,其他電子,76.7,96.8,126.21,108.55,86.01,126.21
68301,6830,汎銓一,半導體設備,147.8,850,575.10,502,87.29,575.10
68351,6835,圓裕一,其他,48.8,37.95,77.77,96.65,124.28,77.77
68401,6840,東研信超一,其他電子,65.7,68.1,103.65,107,103.23,103.65
68431,6843,進典一,其他電子,61.4,46.5,75.73,102.5,135.34,75.73
68461,6846,綠茵一,再生能源,80.4,69,85.82,97,113.03,85.82
68462,6846,綠茵二,再生能源,78,69,88.46,99,111.91,88.46
68541,6854,錼創科技一KY創,光電,248.3,155.5,62.63,107,170.86,62.63
68621,6862,三集瑞一KY,其他,197,170,86.29,105.5,122.26,86.29
68631,6863,永道一KY,其他,294.9,101.5,34.42,91.2,264.97,34.42
68701,6870,騰雲一,其他電子,238.2,179,75.15,104.9,139.59,75.15
68702,6870,騰雲二,其他電子,226.9,179,78.89,102,129.29,78.89
68731,6873,泓德能源一,再生能源,95.4,89.2,93.50,137.55,147.11,93.50
68732,6873,泓德能源二,再生能源,215.4,89.2,41.41,80,193.18,41.41
68741,6874,倍力一,其他電子,103,88.2,85.63,105,122.62,85.63
68901,6890,來億一KY,其他,246.4,156.5,63.51,93,146.42,63.51
68902,6890,來億二KY,其他,245.2,156.5,63.83,94.35,147.83,63.83
68941,6894,衛司特一,其他電子,254.9,335.5,131.62,158,120.04,131.62
69041,6904,伯鑫一,其他電子,130,118,90.77,101.7,112.04,90.77
69131,6913,鴻呈一,其他電子,126,132,104.76,136.15,129.96,104.76
69571,6957,裕慶一KY,其他,190,160.5,84.47,102.95,121.87,84.47
69821,6982,大井泵浦一,機械,63.6,53,83.33,97.6,117.12,83.33
69822,6982,大井泵浦二,機械,61.8,53,85.76,97.95,114.21,85.76
74022,7402,邑錡二,電子零組件,97.6,119.5,122.44,134,109.44,122.44
75561,7556,意德士一永,其他,180.9,305.5,168.88,173,102.44,168.88
75562,7556,意德士二,其他,177.4,305.5,172.21,175,101.62,172.21
77131,7713,威力德生醫一,生技,73.9,67.9,91.88,103.9,113.08,91.88
80212,8021,尖點二,電子零組件,201.8,402.5,199.45,189,94.76,199.45
80273,8027,鈦昇三,半導體,64.74,193.5,298.89,263,87.99,298.89
80282,8028,昇陽半導體二,半導體,138,245,177.54,177,99.70,177.54
80426,8042,金山電六,電源供應,60,58.6,97.67,109.2,111.81,97.67
80506,8050,廣積六,工業電腦,63.3,41.55,65.64,105,159.96,65.64
80872,8087,麗升能源二,再生能源,39.4,33.85,85.91,93.6,108.95,85.91
80914,8091,翔名四,其他電子,127,192,151.18,141.5,93.60,151.18
80924,8092,建暐四,其他電子,14.5,15.8,108.97,122.35,112.28,108.97
81042,8104,錸寶二,光電,69.98,33.25,47.51,95.8,201.63,47.51
811210,8112,至上十,電子通路,73.5,81.7,111.16,122.5,110.21,111.16
81473,8147,正淩三,其他電子,132.1,166,125.66,141.05,112.25,125.66
81551,8155,博智一,其他電子,121.6,416,342.11,338,98.80,342.11
81714,8171,天宇四,其他電子,30.5,22.95,75.25,103,136.88,75.25
81715,8171,天宇五,其他電子,32.4,22.95,70.83,94,132.71,70.83
82102,8210,勤誠二,伺服器,1007.2,1130,112.19,148,131.92,112.19
82103,8210,勤誠三,伺服器,985.3,1130,114.69,148.75,129.70,114.69
82551,8255,朋程一,電子零組件,196.2,136,69.32,103.9,149.89,69.32
82993,8299,群聯三,半導體,2488,1900,76.37,133.8,175.21,76.37
83742,8374,羅昇二,電子通路,132.5,84.3,63.62,94,147.75,63.62
84041,8404,百和興業一KY,紡織,26.8,16.8,62.69,100.2,159.84,62.69
84113,8411,福貞三KY,其他,13.3,12.25,92.11,100.05,108.63,92.11
84221,8422,可寧衛一,環保,14.6,27.75,190.07,234,123.11,190.07
84222,8422,可寧衛二,環保,19,27.75,146.05,146.4,100.24,146.05
84312,8431,匯鑽科二,其他電子,68,63,92.65,106,114.41,92.65
84332,8433,弘帆二,其他電子,94,54.9,58.40,99.6,170.54,58.40
84333,8433,弘帆三,其他電子,97.8,54.9,56.13,99.9,177.96,56.13
84422,8442,威宏二KY,其他,73.9,50,67.66,99.75,147.43,67.66
84623,8462,柏文三,健身,141.2,149,105.52,,,105.52
84662,8466,美吉吉二KY,其他,48.2,15.85,32.88,98.2,298.63,32.88
84672,8467,波力二KY,運動休閒,188.9,146.5,77.55,106.5,137.32,77.55
84673,8467,波力三KY,運動休閒,230.4,146.5,63.59,103.65,163.01,63.59
84732,8473,山林水二,環保,34.1,35.9,105.28,111,105.43,105.28
84781,8478,東哥遊艇一,遊艇,369.5,168.5,45.60,94.3,206.79,45.60
84881,8488,吉源一KY,其他,18.4,10.1,54.89,99.7,181.63,54.89
84891,8489,三貝德一,,27.9,26.35,94.44,115,121.76,94.44
89277,8927,北基七,食品,50.79,19.85,39.08,100.8,257.92,39.08
89278,8927,北基八,食品,47.4,19.85,41.88,99.15,236.76,41.88
89964,8996,高力四,機械,233.5,1250,535.33,500,93.40,535.33
98026,9802,鈺齊六KY,紡織,104.1,77.5,74.45,102.8,138.08,74.45
99063,9906,欣巴巴三,其他,101.5,38.25,37.68,94.4,250.50,37.68
99332,9933,中鼎二,工程,45.5,36.75,80.77,97.5,120.71,80.77
99353,9935,慶豐富三,其他,32.2,18.25,56.68,97.35,171.76,56.68
99392,9939,宏全二,包材,161.2,111.5,69.17,102.05,147.54,69.17
99412,9941,裕融二,租賃,179.3,77.1,43.00,98.4,228.83,43.00
99587,9958,世紀鋼七,再生能源,241.7,101,41.79,97.5,233.32,41.79
99588,9958,世紀鋼八永,再生能源,232.7,101,43.40,97.9,225.56,43.40